index,train_loss,train_acc,val_loss,val_acc,training_time_sec,hidden_layers,activation_fn,dropout_rate,learning_rate,batch_size,optimizer_type
987,0.061225046856062754,0.9777455357142857,0.45683406710624697,0.8989285714285714,69.49629259109497,"[278, 270, 166]",type,0.1,0.0082972959819507,1024,Adam
979,0.16891864223139627,0.9395982142857143,0.37046438251222885,0.89625,65.54593896865845,"[82, 242]",type,0.2,0.0045408770294925,512,Adam
969,0.12790446992431367,0.95359375,0.31421562245913914,0.9034821428571429,38.67106819152832,"[365, 278]",type,0.1,0.0023294396701235,512,Adam
973,0.10800740505967821,0.9641964285714286,0.6340546958787101,0.9013392857142857,81.56593203544617,"[153, 342, 55]",type,0.1,0.0044810758782799,256,Adam
985,0.06981699507151332,0.9781473214285714,0.5100450277328491,0.9045535714285714,114.76840686798096,"[286, 191, 29, 128]",type,0.2,0.0026636001673366,512,Adam
